,,,,,,,,,,,,,,,,,,,,,,,,,,,,,,,,,,,,,,,,,Out door direct seed,,,✩,,,,,Out door cold start,,,,,,,,Indoor cube,,,,,,,,Indoor Cluster,,,,,,,,Indoor pot,,,,,,,,Transplant,,,❧,,,,,,
Family,Genus,Species,Common Name,Variety,HERITAGE,,,Servings in a week,Plants per a serving,Grow Room,Weeks in cold  storage,Number of Frozen Servings,Dried servings,Fermented,Canned,Cooking ,Life cycle (zone 3),Germinating,Growing,Harvest ,Spring,Fall,Soil,PH,Moisture,Light,Distance between plants,Distance between rows,Seed Depth,Irrigation,Fertilizer,Flat,Cold start,Succession rate,Cold start date,Cubes,Indoor start date,Outdoors start date,Last out door planting,,January,,,,February,,,,March,,,,April,,,,May,,,,June,,,,July,,,,August,,,,September,,,,October,,,,November,,,,December,,,,Transplanting,Days to maturity
,,,,,,,,,,,,,,,,,,,,,,,,,,,,,,,,,,,,,,,,,1,2,3,4,1,2,3,4,1,2,3,4,1,2,3,4,1,2,3,4,1,2,3,4,1,2,3,4,1,2,3,4,1,2,3,4,1,2,3,4,1,2,3,4,1,2,3,4,,
Amaranthaceae,Beta,vulgaris,Beet,BULL’S BLOOD,OP,Harmonic Herbs,n/a,0.25,2,n/a,n/a,n/a,n/a,n/a,n/a,n/a,n/a,n/a,n/a,n/a,n/a,n/a,n/a,n/a,n/a,n/a,n/a,n/a,1/2”,n/a,n/a,n/a,n/a,0.5,n/a,n/a,n/a,15 May,15 June,Every 2 weeks,,,,,,,,,,,,,,,,,,,✩,,✩,,,,,,,,,,,,,,,,,,,,,,,,,,,,n/a,n/a
Amaranthaceae,Beta,vulgaris,Swiss Chard,CELEBRATION,OP,West Coast Seeds,SW753,1,0.25,n/a,n/a,n/a,n/a,n/a,n/a,n/a,n/a,n/a,"They have large tap roots that don’t like being disturbed, so don’t transplant",n/a,n/a,n/a,Loose deep fertile soil. With lots of organic matter.,n/a,Plenty of consistent moisture.,Full sun in spring. Part shade in summer.,Sew densely. Eventually thinning to 6-12” apart. Use thinned chard for salads etc.,18” part,1/2”,n/a,n/a,n/a,n/a,0.5,n/a,n/a,n/a,15 May,15 August,Every 2 weeks,,,,,,,,,,,,,,,,,,,✩,,✩,,✩,,✩,,✩,,✩,,✩,,,,,,,,,,,,,,,,,,n/a,60
Amaranthaceae,Beta,vulgaris,Swiss Chard,SILVERADO,F1,West Coast Seeds,SW751,n/a,n/a,n/a,n/a,n/a,n/a,n/a,n/a,n/a,n/a,n/a,n/a,n/a,n/a,n/a,n/a,n/a,n/a,n/a,n/a,n/a,n/a,n/a,n/a,n/a,n/a,1.0,n/a,n/a,n/a,,n/a,,,,,,,,,,,,,,,,,,,,,,,,,,,,,,,,,,,,,,,,,,,,,,,,,,n/a,50
Amaranthaceae,Spinacia,oleracea,Spinach,BLOOMSDALE DARK GREEN,OP,Wild Rose Heritage Seed,n/a,1,0.5,n/a,n/a,n/a,n/a,n/a,n/a,n/a,Annual,n/a,n/a,n/a,n/a,n/a,n/a,n/a,n/a,n/a,6”,24-36”,1”,n/a,n/a,n/a,Every 1/2”.  3” between rows,1.0,Mar 1,n/a,n/a,15 April,n/a,n/a,,,,,,,,,✪,,,,,,✩,,,,,,,,,,,,,,,,,,,,,,,,,,,,,,,,,,n/a,55-70
Amaryllidaceae,Allium,ampeloprasum,Leeks,LANCIA,OP,West Coast Seeds,LK446,2,1,n/a,n/a,n/a,n/a,n/a,n/a,n/a,n/a,n/a,n/a,Can be harvested immature for baby leeks,n/a,n/a,n/a,n/a,High,n/a,6-8”,18”,1/4”,n/a,1/4 to 1/2 cup of balanced fertilizer in each 2m of furrow.  Lots of compost,Sew every half inch 3” between rows,Sew every half inch 3” between rows,0.5,Mar 1,n/a,01 March,15 April,30 June,Every 2 weeks,,,,,,,,,❖✪,,❖,,❖,,❖,,❖,,❖,,✩,,✩,,,,,,,,,,,,,,,,,,,,,,,,,,Transplant when 8” tall. Make holes 6” deep and cover with soil up to the first leaf notch. Leave the rest of the hole unfilled,90
Amaryllidaceae,Allium,cepa,Scallions,KINCHO,OP,West Coast Seeds,ON569,n/a,,Y,n/a,n/a,n/a,n/a,n/a,n/a,n/a,n/a,n/a,n/a,n/a,n/a,n/a,n/a,n/a,n/a,n/a,n/a,n/a,n/a,n/a,n/a,n/a,1.0,n/a,n/a,01 March,,n/a,n/a,,,,,,,,,,,,,,,,,,,,,,,,,,,,,,,,,,,,,,,,,,,,,,,,,n/a,50
Amaryllidaceae,Allium,fistulosum,Scallions,IPPON NEGI,OP,West Coast Seeds,ON588,2,2,Y,n/a,n/a,n/a,n/a,n/a,n/a,n/a,n/a,Start in trench and hill up to increase white area at the base of the stem.,Keep a plant every 8” to overwinter. Start harvesting when they reach 6”,"Pull up bunches, split up and replant.",Mulch over remaining onions,"Fertile, Well drained",n/a,"High, in the top 8 to 12” of soil",n/a,1-2”,6”,n/a,n/a,n/a,Sew every 1/2” rows 3” apart,Sew every 1/2” rows 3” apart,0.5,Mar 1,5-10 seeds per a block,01 March,15 April,30 August,Every 2 weeks,,,,,,,,,✪,,,,,,✩,,✩,,✩,,✩,,✩,,✩,,✩,,✩,,✩,,,,,,,,,,,,,,,,,,n/a,80
Amaryllidaceae,Allium,tuberosum,Garlic Chives,LION’S MANE,n/a,West Coast Seeds,HR1071,3,2,Y,n/a,n/a,n/a,n/a,n/a,n/a,n/a,n/a,n/a,n/a,n/a,n/a,Well drained,n/a,Moist,Full sun,6”,12”,n/a,n/a,Fertile,Sew every 1/2” rows 3” apart,Sew every 1/2” rows 3” apart,1.0,Mar 1,5-10 seeds per a block ,01 March,n/a,30 June,n/a,,,,,❖,,❖,,❖✪,,❖,,❖,,✩,,✩,,✩,,✩,,✩,,,,,,,,,,,,,,,,,,,,,,,,,,n/a,n/a
Amaryllidaceae,Allium,cepa,Onions (storage),n/a,n/a,n/a,n/a,3,2,n/a,16,n/a,n/a,n/a,n/a,Bitter at high heat. Saute at low heat.,n/a,n/a,Well drained soil,n/a,n/a,n/a,n/a,n/a,n/a,n/a,n/a,n/a,n/a,n/a,n/a,Sew every half inch 3” between rows,Can be sown 1 cm apart in rows 3” apart. Start March 1st.,1.0,Mar 1,3 seeds for a block. Don’t thin. Max 8hrs of light a day.,n/a,n/a,n/a,n/a,,,,,❖,,❖,,❖✪,,❖,,❖,,,,,,,,,,,,,,,,,,,,,,,,,,,,,,,,,,,,Plant 2-3 per a hole,n/a
Apiaceae,Anethum,graveolens,Dill,ELLA,n/a,West Coast Seeds,HR1024,1,0.5,Y,n/a,n/a,n/a,n/a,n/a,n/a,n/a,n/a,Doesn’t transplant well,Edible seeds and greens,n/a,n/a,n/a,n/a,n/a,n/a,6”,18”,1/4”,n/a,n/a,n/a,n/a,0.5,n/a,n/a,n/a,15 May,15 August,Every 2 weeks,,,,,,,,,,,,,,,,,,,✩,,✩,,✩,,✩,,✩,,✩,,,,,,,,,,,,,,,,,,,,n/a,n/a
Apiaceae,Apium ,graveolens,Celeriac,GIANT PRAGUE,OP,Heritage Harvest Seeds,n/a,0.25,,n/a,3 months,n/a,n/a,n/a,n/a,n/a,Anual,n/a,n/a,n/a,n/a,n/a,n/a,n/a,Adequate moisture,Full Sun,n/a,n/a,1/4”,n/a,n/a,n/a,n/a,1.0,n/a,1 seed per a block,01 March,,n/a,n/a,,,,,,,,,,,◼︎,,,,,,,,,,,,,,,,,,,,,,,,,,,,,,,,,,,,,,n/a,n/a
Apiaceae,Coriandrum,sativum,Cilantro,SLOW-BOLT,n/a,Renee’s Garden,n/a,3,0.25,Y,n/a,n/a,n/a,n/a,n/a,n/a,n/a,Keep moist until seeds have germinated.,Direct sew in pots or in the ground as it doesnt like to be transplanted,n/a,n/a,n/a,Well drained fertile soil.,n/a,Moist,Full sun, 2” and then thin to 4” as plants grow,8”,1/4”,n/a,n/a,n/a,n/a,0.5,n/a,n/a,n/a,01 May,15 August,Every 2 weeks,,,,,,,,,,,,,,,,,✩,,✩,,✩,,✩,,✩,,✩,,✩,,,,,,,,,,,,,,,,,,,,n/a,80
Apiaceae,Daucus,carota,Carrots,DANVERS,OP,West Coast Seeds,CR 280,3,2,n/a,n/a,n/a,n/a,n/a,n/a,n/a,n/a,Water deeply prior to seeding. Water regularly to maintain moist soil during germination,n/a,n/a,n/a,n/a,"Rich well drained, deeply cultivated soil.",6-6.8,n/a,n/a,1.5-4” apart when seedlings are 1” tall,n/a,1/4” (firm the soil),n/a,n/a,n/a,n/a,0.5,n/a,n/a,n/a,15 May,30 July,Every 2 weeks,,,,,,,,,,,,,,,,,,,✩,,✩,,✩,,✩,,✩,,,,,,,,,,,,,,,,,,,,,,n/a,70
Apiaceae,Eryngium,foetidum,Culantro,SAWTOOTH HERB,HR1176,West Coast Seeds,n/a,0.25,0.25,n/a,n/a,n/a,n/a,n/a,n/a,Puree ,n/a,n/a,Cut the seed/flower stalks as they appear to extend the life of the plant. If the plant flowers the leaves will become tough. ,Pick leaves from the outside.,n/a,n/a,Well drained,n/a,Moist,Thrives in full sun but might be more productive in the long run in part shade.,n/a,n/a,Surface,n/a,Rich,n/a,n/a,1.0,n/a,2 seed per a block. Thin to one,01 March,n/a,n/a,n/a,,,,,,,,,◼︎,,,,,,,,,,,,❧,,❧,,,,,,,,,,,,,,,,,,,,,,,,,,n/a,n/a
Apiaceae,Foeniculum,vulgare,Fennel,SELMA FINO,OP,West Coast Seeds,HR1089,0.25,0.5,n/a,n/a,n/a,n/a,n/a,n/a,n/a,n/a,n/a,Grow far away from other plants,n/a,n/a,n/a,n/a,n/a,Keep soil moist until plants are established. Direct sew only.,n/a,12”,12”,1/2”,n/a,n/a,n/a,n/a,1.0,n/a,n/a,n/a,01 May,n/a,n/a,,,,,,,,,,,,,,,◼︎,,◼︎,,◼︎,,◼︎,,✩,,✩,,,,,,,,,,,,,,,,,,,,,,,,n/a,80
Asteraceae,Glebionis,coronaria,Shungiku,EDIBLE CHRYSANTHEMUM,OP,West Coast Seeds,MU534,0.5,0.5,n/a,n/a,n/a,n/a,n/a,n/a,n/a,n/a,n/a,n/a,Baby leaves are more tender older leaves are good for stir-fries and soups,n/a,n/a,"Relatively fertile, well drained",n/a,n/a,Full sun,8”,12”,1/2”,n/a,n/a,n/a,Try,0.5,Mar 1,2 seeds per a cube thin to one,n/a,15 April,15 September,Every 2 weeks,,,,,,,,,✪,,,,,,✩,,✩,,✩,,✩,,✩,,✩,,✩,,✩,,✩,,✩,,,,,,,,,,,,,,,,n/a,45
Asteraceae,Helianthus,annus,Sunflower,RUSSIAN MAMMOTH,n/a,West Coast Seeds,FL3228,n/a,n/a,n/a,n/a,n/a,n/a,n/a,n/a,n/a,Anual,n/a,n/a,"When the backs of the seed heads turn yellow in the fall, cut them off the plant. Rub the seeds loose and dry them indoors on trays.",n/a,n/a,n/a,n/a,n/a,n/a,6” thin to 12”,n/a,1”,n/a,"1-2 cups fertilizer per 10’ row. When plants are 12” tall, dissolve 5ml borax in 350ml water and spread over 15’ of row to supply enough boron to help the seeds develop in the big seed heads.",n/a,n/a,1.0,n/a,n/a,n/a,01 June,n/a,n/a,,,,,,,,,,,,,,,,,,,,,✩,,✩,,,,,,,,,,,,,,,,,,,,,,,,,,n/a,n/a
Asteraceae,Lactuca,sativa,Lettuce,BLACK SEEDED SIMPSON LETTUCE,OP,Heritage Harvest Seed,n/a,2,1,n/a,n/a,n/a,n/a,n/a,n/a,n/a,n/a,n/a,n/a,n/a,n/a,n/a,n/a,6-6.8,Consistent small amounts to keep it moist without over watering,n/a,6”,12”,1/8”,n/a,Excess nitrogen will make leaves bitter,n/a,Try,0.5,Try,n/a,15 April,01 June,30 September,Every 2 weeks,,,,,,,,,✪,,,,,,◼︎,,◼︎,,◼︎,,✩,,✩,,✩,,✩,,✩,,✩,,,,,,,,,,,,,,,,,,n/a,n/a
Asteraceae,Lactuca,sativa,Lettuce,GARDEN BABIES BUTTERHEAD,n/a,Renee’s Garden,n/a,n/a,n/a,n/a,n/a,n/a,n/a,n/a,n/a,n/a,n/a,n/a,n/a,n/a,n/a,n/a,n/a,n/a,Consistent,Full sun in spring and fall. Partial shade in summer,5”,n/a,1/4”,n/a,Liquid fertilizer every two weeks,n/a,Try,0.5,Mar 1,n/a,n/a,15 April,30 September,Every 2 weeks,,,,,,,,,,,,,,,,,,,,,,,,,,,,,,,,,,,,,,,,,,,,,,,,,n/a,53-73
Asteraceae,Lactuca,sativa,Lettuce,ROMAINE,OP,West Coast Seeds,LT488,n/a,n/a,n/a,n/a,n/a,n/a,n/a,n/a,n/a,n/a,n/a,n/a,n/a,n/a,n/a,n/a,6-6.5,n/a,n/a,n/a,n/a,n/a,n/a,1 cup of balanced fertilizer for a 10’ row,n/a,Try,0.5,Try,1 per a block. Keep below 25 degrees celcius,15 April,01 June,30 September,Every 2 weeks,,,,,,,,,,,,,,,,,,,,,,,,,,,,,,,,,,,,,,,,,,,,,,,,,n/a,65
Asteraceae,Matricaria,recutita,Chamomile,MATRICARIA RECUTITA,n/a,West Coast Seeds,HR1057,1,0.5,n/a,n/a,n/a,n/a,n/a,n/a,n/a,n/a,"Chamomile seeds, like carrot seeds, are tiny and will not germinate if sown too deeply or allowed to dry out.",n/a,"Harvest the small, sweet smelling flowers once the petals begin to curl back towards the center. Use petals fresh or dry. The leaves can be gathered in the spring to early summer and used fresh or dryed",n/a,n/a,Well drained warm soil,n/a,n/a,Full sun,n/a,n/a,1/2”,n/a,n/a,n/a,n/a,0.5,n/a,2 seeds per a cube. Thin to one. ,15 April,n/a,n/a,Every 2 weeks,,,,,,,,,,,,,,,◼︎,,◼︎,,,,❧,,,,,,,,,,,,,,,,,,,,,,,,,,,,n/a,n/a
Asteraceae,Tagetes,patula,Marigolds,SPARKLY MIX,n/a,West Coast Seeds,n/a,n/a,n/a,n/a,n/a,n/a,n/a,n/a,n/a,n/a,n/a,Seedlings are susceptible to damping off. Provide ventilation and bottom water.,Pinch tips to encourage bushier growth,Remove blooms continuously,n/a,n/a,n/a,n/a,n/a,n/a,6-12”,6-12”,1/8”,Bottom Water,n/a,n/a,Try,1.0,Mar 1,2 seed per a cube,01 March,15 May,n/a,n/a,,,,,,,,,,,,,,,,,,,,,,,,,,,,,,,,,,,,,,,,,,,,,,,,,n/a,n/a
Asteraceae,Tagetes,tenuifolia,Marigolds,GOLD GEM,n/a,West Coast Seeds,FL2945,n/a,n/a,n/a,n/a,n/a,n/a,n/a,n/a,n/a,n/a,Seedlings are susceptible to damping off. Provide ventilation and bottom water.,Pinch tips to encourage bushier growth,Remove blooms continuously,n/a,n/a,n/a,n/a,n/a,n/a,6-12”,6-12”,1/8”,Bottom Water,n/a,n/a,Try,1.0,Mar 1,1 seed per a cube,01 March,15 May,n/a,n/a,,,,,,,,,✪◼︎,,,,,,,,,,✩,,❧,,,,,,,,,,,,,,,,,,,,,,,,,,,,n/a,n/a
Boraginaceae,Borago,officinalis,Borage,BORAGE OFFICINALIS,n/a,West Coast Seeds,HR1037A,n/a,n/a,n/a,n/a,n/a,n/a,n/a,n/a,Eat the young leaves in salads and stews. Flowers are also edible,n/a,Keep moist until seeds germinate,"They have large tap roots that don’t like being disturbed, so don’t transplant",Keep flowers pinched off to prevent self seeding.,n/a,n/a,n/a,n/a,n/a,n/a,24”,24”,1/2”,n/a,n/a,n/a,n/a,0.5,n/a,n/a,n/a,15 May,15 June,Every 2 weeks,,,,,,,,,,,,,,,,,,,✩,,✩,,,,,,,,,,,,,,,,,,,,,,,,,,,,n/a,n/a
Boraginaceae,Phacelia,tanacetifolia,Phacelia,n/a,n/a,West Coast Seeds,FL3445B,n/a,n/a,n/a,n/a,n/a,n/a,n/a,n/a,Not edible. Honey plant.,n/a,n/a,n/a,n/a,n/a,n/a,Ordinary well drained soil.,n/a,n/a,n/a,4-8”,4-8”,14”,n/a,No need,n/a,n/a,0.5,n/a,n/a,n/a,15 May,30 June,Every 2 weeks,,,,,,,,,,,,,,,,,,,✩,,✩,,✩,,,,,,,,,,,,,,,,,,,,,,,,,,n/a,n/a
Brassicaceae,Brassica,juncea,mustard,BAU SIN,OP,West Coast Seeds,MU539,n/a,n/a,n/a,n/a,n/a,n/a,n/a,n/a,Salads,n/a,n/a,n/a,n/a,n/a,n/a,n/a,6-6.5,Moist until established and then regular. Don’t require heat to germinate.,n/a,2” apart and then thin to 6”,8”,1/4”,n/a,Keep well fed. Use liquid once during growing season.,n/a,Try,0.5,Mar 1,n/a,n/a,15 April,30 September,Every 2 weeks,,,,,,,,,,,,,,,,,,,,,,,,,,,,,,,,,,,,,,,,,,,,,,,,,n/a,40-50
Brassicaceae,Brassica,juncea,mustard,TOKYO BEKANA,OP ,West Coast Seeds,MU564,2,4,n/a,n/a,n/a,n/a,n/a,n/a,Salads,n/a,n/a,n/a,n/a,n/a,n/a,n/a,6-6.5,Moist until established and then regular. Don’t require heat to germinate.,n/a,2” apart and then thin to 6”,8”,1/4”,n/a,Keep well fed. Use liquid once during growing season.,n/a,Try,0.5,Mar 1,n/a,n/a,15 April,30 September,Every 2 weeks,,,,,,,,,✪,,,,,,✩,,✩,,✩,,✩,,✩,,✩,,✩,,✩,,✩,,✩,,✩,,,,,,,,,,,,,,n/a,40
Brassicaceae,Brassica,olearcea,Broccoli,GAI LAN,F1,West Coast Seeds,MU550,1,0.5,n/a,n/a,n/a,n/a,n/a,n/a,Steamed or stir-fried,n/a,n/a,n/a,Harvest stalks just before flowers open,n/a,n/a,"Fertile, well drained",n/a,n/a,n/a,8”,8”,1/4”,n/a,1/4 cup below each plant or 1 cup for 10’,n/a,Try,0.5,Mar 1,n/a,n/a,15 April,30 September,Every 2 weeks,,,,,,,,,✪,,,,◼︎,,◼︎,,◼︎,,◼︎,,❧✩,,✩,,,,,,,,,,,,,,,,,,,,,,,,,,n/a,50-60
Brassicaceae,Brassica,oleracea,Kale,LACIANTO,OP,West Coast Seeds,KL439,1,0.25,n/a,n/a,n/a,n/a,n/a,n/a,n/a,Anual,n/a,Always start indoors,n/a,n/a,n/a,"Well drained, fertile soil high in organic matter",6-6.8,Evenly Moist,n/a,12-18”,30-36”,1/4”,n/a,An early spring application of lime,n/a,Just a few to give it a try,0.5,n/a,1 seed per a block / better in a flat ,01 April,n/a,30 August,Every 2 weeks,,,,,,,,,,,,,❖,,❖,,❖,,❖,,✩,,✩,,✩,,✩,,✩,,,,,,,,,,,,,,,,,,,,n/a,65
Brassicaceae,Brassica,oleracea,Kohlrabi,SUPERSCHMELTZ,OP,West Coast Seeds,KH432,0.25,4,n/a,n/a,n/a,n/a,n/a,n/a,n/a,n/a,n/a,Direct sew. ,n/a,n/a,n/a,n/a,6-6.8,n/a,n/a,12-24”,12-24”,n/a,n/a,n/a,n/a,n/a,0.5,Apr 1,n/a,n/a,01 May,15 August,Every 2 weeks,,,,,,,,,◼︎✪,,◼︎,,◼︎✪,,◼︎,,◼︎,,◼︎,,✩,,✩,,✩,,✩,,✩,,,,,,,,,,,,,,,,,,,,n/a,70
Brassicaceae,Brassica,rapa,Broccoli (might be a mustard),YU CHOI SUM,F1,West Coast Seeds,MU537,n/a,n/a,n/a,n/a,n/a,n/a,n/a,n/a,"Steamed, stir-fried or raw",n/a,n/a,n/a,Harvest stalks just before flowers open,n/a,n/a,"Fertile, well drained",n/a,n/a,n/a,8”,8”,1/4”,n/a,1/2 cup for 10’,n/a,Try,0.5,Mar 1,n/a,n/a,15 April,30 September,Every 2 weeks,,,,,,,,,,,,,,,,,,,,,,,,,,,,,,,,,,,,,,,,,,,,,,,,,n/a,35-45
Brassicaceae,Brassica,rapa,mustard (salad green),KOMATSUNA,OP,West Coast Seeds,MU540,n/a,n/a,n/a,n/a,n/a,n/a,n/a,n/a,"Salads, soups, stir-fries",n/a,n/a,n/a,n/a,n/a,n/a,n/a,6-6.5,Moist until established and then regular. Don’t require heat to germinate.,n/a,2” apart and then thin to 6”,8”,1/4”,n/a,Keep well fed. Use liquid once during growing season.,n/a,Try,0.5,Mar 1,n/a,n/a,15 April,30 September,Every 2 weeks,,,,,,,,,,,,,,,,,,,,,,,,,,,,,,,,,,,,,,,,,,,,,,,,,n/a,21-40
Brassicaceae,Raphanus,sativus,Radish,MINI PURPLE DAIKON,F1,West Coast Seeds,RD690,1,1,n/a,n/a,n/a,n/a,n/a,n/a,n/a,Annual,n/a,n/a,n/a,n/a,n/a,n/a,n/a,n/a,n/a,2”,12”,n/a,n/a,n/a,n/a,n/a,0.5,n/a,n/a,n/a,15 April,15 June,Every 2 weeks,,,,,,,,,,,,,,,✩,,✩,,✩,,✩,,,,,,,,,,,,,,,,,,,,,,,,,,,,n/a,40
Brassicaceae,Raphanus,sativus,Radish,WASABI RADISH,OP,West Coast Seeds,RD692,n/a,n/a,n/a,n/a,n/a,n/a,n/a,n/a,n/a,Annual,n/a,n/a,n/a,n/a,n/a,n/a,n/a,n/a,n/a,n/a,n/a,n/a,n/a,n/a,n/a,n/a,0.5,n/a,n/a,n/a,15 April,15 June,Every 2 weeks,,,,,,,,,,,,,,,,,,,,,,,,,,,,,,,,,,,,,,,,,,,,,,,,,n/a,60
Cucurbitaceae,Cucumis,melo,Melons,HALONA,F1,West Coast Seeds,ML500,0.25,0.5,n/a,n/a,n/a,n/a,n/a,n/a,n/a,n/a,n/a,Do everything yo can to heat the soil and air.,Melons will not ripen off the vine so leave them intact even into September. ripe cantaloupes will easily detach from the vine with light finger pressure,n/a,n/a,Warm well drained soil.,6-6.8,Give ample water,,24-36”,5-6’,1”,n/a,Add dolomite lime and compost or well-rotted manure to the bed and ½-1 cup of complete organic fertilizer beneath each transplant,n/a,n/a,1.0,n/a,1 seed per a cube,15 April,15 May,01 July,n/a,,,,,,,,,,,,,,,,,◼︎,,◼︎,,,,❧,,❧,,,,,,,,,,,,,,,,,,,,,,,,n/a,75
Cucurbitaceae,Cucurbita,moshata,Butternut,EARLY BUTTERNUT,F1,West Coast Seeds,n/a,0.5,0.25,n/a,n/a,n/a,n/a,n/a,n/a,n/a,n/a,n/a,n/a,n/a,n/a,n/a,Rich fertile soil,6-6.8,Consistent ample moisture. Avoid overwatering,Full,18-24”,36-48”,1”,Bottom water,1 cup balanced fertilizer below each transplant.,n/a,n/a,1.0,n/a,1 seed per a cube,01 May,n/a,n/a,n/a,,,,,,,,,,,,,,,,,◼︎,,,,❧,,,,,,,,,,,,,,,,,,,,,,,,,,,,n/a,88
Cucurbitaceae,Cucurbita,pepo,C.pepo,DESERT ZUCCHINI,F1,West Coast Seeds,n/a,0.5,0.25,n/a,n/a,n/a,n/a,n/a,n/a,n/a,n/a,n/a,n/a,n/a,n/a,n/a,Rich fertile soil,6-6.8,Consistent ample moisture.,Full,18-24”,36-48”,1”,Bottom water,1 cup balanced fertilizer below each transplant.,n/a,n/a,1.0,n/a,1 seed per a cube,01 May,n/a,n/a,n/a,,,,,,,,,,,,,,,,,◼︎,,,,❧,,,,,,,,,,,,,,,,,,,,,,,,,,,,n/a,50
Cucurbitaceae,Cucurbita,pepo,C.pepo,JACK OF ALL TRADES PUMPKIN,F1,West Coast Seeds,n/a,0.5,0.25,n/a,n/a,n/a,n/a,n/a,n/a,n/a,n/a,n/a,n/a,n/a,n/a,n/a,Rich fertile soil,6-6.8,Consistent constant moisture.,Full,3-4’,4-6’,1”,Bottom water,1 cup balanced fertilizer below each transplant.,n/a,n/a,1.0,n/a,1 seed per a cube,01 May,n/a,n/a,n/a,,,,,,,,,,,,,,,,,◼︎,,,,❧,,,,,,,,,,,,,,,,,,,,,,,,,,,,n/a,95
Cucurbitaceae,Cucurbita,pepo,Spaghetti Squash,PINNACLE SPAGHETTI,F1,West Coast Seeds,n/a,0.5,0.25,n/a,n/a,n/a,n/a,n/a,n/a,n/a,n/a,n/a,n/a,n/a,n/a,n/a,Rich fertile soil,6-6.8,Consistent ample moisture.,Full,36-48”,48-72,1”,Bottom water,1 cup balanced fertilizer below each transplant.,n/a,n/a,1.0,n/a,1 seed per a cube,01 May,n/a,n/a,n/a,,,,,,,,,,,,,,,,,◼︎,,,,❧,,,,,,,,,,,,,,,,,,,,,,,,,,,,n/a,85
Fabaceae,Phaseolus,vulgaris,"Bean (drying, kidney)",BORLOTTI,OP,West Coast Seeds,n/a,1,0.5,n/a,n/a,n/a,n/a,n/a,n/a,n/a,n/a,n/a,n/a,"Allow drying beans to become plump and mature in the pods. Harvest when the pods have turned to a straw colour, then hand the whole plants out of the rain until the pods are brittle. Shell pods individually or thresh them in a pillowcase to collect the seeds.",n/a,n/a,Well drained warm soil,n/a,n/a,Full,2-4”,24”,1”,n/a,1 cup balanced fertilizer ever 10’,n/a,n/a,1.0,n/a,1 seed per a cube,01 May,n/a,n/a,n/a,,,,,,,,,,,,,,,,,◼︎,,,,,,,,,,,,,,,,,,,,,,,,,,,,,,,,n/a,80
Fabaceae,Phaseolus,vulgaris,Bean (yellow pod bush bean or wax bean),DRAGON TONGUE,OP,Heritage Harvest Seed,n/a,1,0.25,n/a,n/a,n/a,n/a,n/a,n/a,n/a,n/a,n/a,n/a,60 days for snaps 90 days for drying,n/a,n/a,n/a,6-6.8,Adequite water,n/a,12”,24”,2”,n/a,n/a,n/a,n/a,1.0,n/a,n/a,15 April,n/a,15 July,n/a,,,,,,,,,,,,,,,◼︎,,◼︎,,◼︎,,✩,,✩,,✩,,,,,,,,,,,,,,,,,,,,,,,,n/a,65
Fabaceae,Phaseolus,vulgaris,Beans (pole),FORTEX,OP,West Coast Seeds,BN132,1,0.25,n/a,n/a,n/a,n/a,n/a,n/a,n/a,n/a,n/a,Need warm soil to germinate. Trellis. ,Keep pods picked for a better harvest.,n/a,n/a,"Well drained, warm soil.",n/a,n/a,Full sun,6-8”,18”,1-2”,n/a,1 cup balanced organic fertilizer for each 10’. Too much nitrogen is often the  cause of poor pod set and delayed maturity.,n/a,n/a,0.5,n/a,n/a,n/a,15 May,15 July,Every 2 weeks,,,,,,,,,,,,,,,,,,,✩,,✩,,✩,,✩,,,,,,,,,,,,,,,,,,,,,,,,n/a,70
Fabaceae,Pisum,sativum,Peas,SUGAR ANN,OP,West Coast Seeds,PE617,1,0.5,n/a,n/a,n/a,n/a,n/a,n/a,n/a,Perenial,n/a,n/a,n/a,n/a,n/a,Fertile well drained soil.,n/a,n/a,n/a,3”,12”,1-2”,n/a,Finished compost. 2 cups bonemeal or phosphate every 10’,n/a,n/a,0.5,Mar 1,n/a,n/a,15 April,30 July,Every 2 weeks,,,,,,,,,✪,,,,,,✩,,✩,,✩,,✩,,✩,,✩,,✩,,,,,,,,,,,,,,,,,,,,,,n/a,56
Fabaceae,Vicia, faba,Bean (Broad),CRIMSON FLOWERED,n/a,Heritage Harvest Seeds,n/a,1,0.25,n/a,n/a,n/a,n/a,n/a,n/a,n/a,n/a,n/a,n/a,Spray flowers with sugar water to encourage bees to polinate,n/a,n/a,n/a,6-6.8,Regular water. Stress will cause low yields.,n/a,n/a,n/a,n/a,n/a,n/a,n/a,n/a,1.0,n/a,n/a,n/a,n/a,n/a,n/a,,,,,,,,,,,,,,,,,✩,,✩,,,,,,,,,,,,,,,,,,,,,,,,,,,,,,n/a,n/a
Lamiaceae,Melissa,officinalis,Lemon Balm,MELISSA OFFICINALIS,HR1097,West Coast Seeds,n/a,0.25,0.25,n/a,n/a,n/a,n/a,n/a,n/a,n/a,perrenial,n/a,Ensure ample air circulation ,For culinary use cut back hard periodically to stimulate new growth,n/a,Cut down to ground level and mulch heavily,Well drained sandy,n/a,Dry,Full sun to part shade,18-24”,18-24”,n/a,Bottom water,Poor soil,n/a,n/a,1.0,n/a,1 seed per a block. Prone to damping off. Don’t over water,01 March,n/a,n/a,n/a,,,,,,,,,◼︎,,,,,,,,,,,,❧,,,,,,,,,,,,,,,,,,,,,,,,,,,,n/a,n/a
Lamiaceae,Nepeta,cataria,Catnip,n/a,n/a,n/a,n/a,n/a,n/a,n/a,n/a,n/a,n/a,n/a,n/a,n/a,Perenial,n/a,n/a,n/a,n/a,n/a,n/a,n/a,n/a,n/a,n/a,n/a,n/a,n/a,n/a,n/a,n/a,1.0,n/a,n/a,01 March,n/a,n/a,n/a,,,,,,,,,◼︎,,,,,,,,,,,,❧,,,,,,,,,,,,,,,,,,,,,,,,,,,,n/a,n/a
Lamiaceae,Ocimum,basilicum,Basil,n/a,n/a,n/a,n/a,3,0.5,Y,n/a,n/a,n/a,n/a,n/a,n/a,n/a,n/a,n/a,n/a,n/a,n/a,n/a,n/a,n/a,n/a,n/a,n/a,n/a,n/a,n/a,n/a,n/a,0.5,n/a,n/a,01 March,n/a,15 July,Every 2 weeks,,,,,,,,,◼︎,,◼︎,,◼︎,,◼︎,,◼︎,,◼︎,,◼︎❧,,◼︎❧,,◼︎❧,,❧,,,,,,,,,,,,,,,,,,,,,,n/a,n/a
Lamiaceae,Origanum,vulgare,Oregano,GREEK,n/a,Heritage Harvest Seeds,n/a,2,0.5,n/a,n/a,n/a,n/a,n/a,n/a,n/a,Perenial,n/a,n/a,n/a,n/a,n/a,n/a,n/a,n/a,n/a,n/a,n/a,n/a,n/a,n/a,n/a,n/a,1.0,n/a,n/a,01 March,n/a,n/a,n/a,,,,,,,,,◼︎,,,,,,,,,,,,❧,,,,,,,,,,,,,,,,,,,,,,,,,,,,n/a,n/a
Lamiaceae,Perilla,frutescens,Shiso (crispa),GREEN PERILLA,n/a,West Coast Seeds,HR1157,0.25,0.25,n/a,n/a,n/a,n/a,n/a,n/a,n/a,Anual,n/a,n/a,n/a,n/a,n/a,Fertile well drained soil,n/a,Regular water,Full sun to part shade,n/a,n/a,n/a,n/a,n/a,n/a,n/a,1.0,n/a,1 seed per a block,01 April,n/a,n/a,n/a,,,,,,,,,,,,,◼︎,,,,,,,,❧,,,,,,,,,,,,,,,,,,,,,,,,,,,,n/a,n/a
Lamiaceae,Salvia,officinalis,Sage,SALVIA OFFICINALIS,n/a,West Coast Seeds,HR1132,0.25,0.5,n/a,n/a,n/a,n/a,n/a,n/a,n/a,Perenial,n/a,"Early growth is slow, Pinch growing tips when plants are 6” tall.",Harvest half if the plant before the flowers bloom. Stop harvesting two months before the last frost to allow leaves time to mature,Cut back plants each spring to get a flush of new growth,Mulch. Might survive might not.,Well drained,6.5-7,Should survive of rain fall.,Full sun,12”,12”,Surface,Bottom water,n/a,n/a,n/a,1.0,n/a,1 per a block. Prone to damping off.,01 March,n/a,n/a,n/a,,,,,,,,,◼︎,,,,,,,,,,,,❧,,,,,,,,,,,,,,,,,,,,,,,,,,,,n/a,n/a
Poaceae,Zea,mays,Corn,BLOODY BUTCHER,OP,West Coast Seeds,n/a,2,1,n/a,n/a,n/a,n/a,n/a,n/a,n/a,n/a,n/a,n/a,n/a,n/a,n/a,n/a,n/a,n/a,Full,6”,24-36”,2”,n/a,Heavy feeder. `1lb fish or alfalfa meal per 20’,n/a,n/a,1.0,n/a,1 seed per a cube,01 May,n/a,n/a,n/a,,,,,,,,,,,,,,,,,◼︎,,,,❧✩,,,,,,,,,,,,,,,,,,,,,,,,,,,,n/a,120
Solanaceae,Capsicum,annuum,Pepper (sweet),BELCANTO,F1,West Coast seeds,PP617,0.5,0.25,n/a,n/a,n/a,n/a,n/a,n/a,n/a,Anual,n/a,n/a,n/a,n/a,n/a,n/a,n/a,n/a,n/a,n/a,n/a,n/a,n/a,n/a,n/a,n/a,1.0,n/a,1 seed per a block,01 April,n/a,n/a,n/a,,,,,,,,,◼︎,,◼︎,,◼︎,,,,,,,,❧,,❧,,,,,,,,,,,,,,,,,,,,,,,,,,Transplant in deep holes up to the first leaf,60
Solanaceae,Capsicum,annuum,Peppers (spicey),ANCHO,OP,West Coast Seeds,PP643,n/a,n/a,n/a,n/a,n/a,n/a,n/a,n/a,n/a,n/a,n/a,n/a,n/a,n/a,n/a,n/a,n/a,High,n/a,n/a,n/a,1/2”,Bottom water. Overhead only in the morning if necessary,Phosphorus and Calcium,n/a,n/a,1.0,n/a,1 seed per a block / or in a pot,01 March,n/a,n/a,n/a,,,,,,,,,,,,,,,,,,,,,,,,,,,,,,,,,,,,,,,,,,,,,,,,,n/a,80
Solanaceae,Capsicum,annuum,Peppers (sweet),MATAN,n/a,West Coast Seeds,PP665A,n/a,n/a,n/a,n/a,n/a,n/a,n/a,n/a,n/a,Anual,n/a,n/a,n/a,n/a,n/a,n/a,n/a,n/a,n/a,n/a,n/a,n/a,n/a,n/a,n/a,n/a,1.0,n/a,1 seed per a block,01 April,n/a,n/a,n/a,,,,,,,,,,,,,,,,,,,,,,,,,,,,,,,,,,,,,,,,,,,,,,,,,Transplant in deep holes up to the first leaf,n/a
Solanaceae,Capsicum,frutescens,Peppers (spicey),THAI DRAGON,OP,West Coast Seeds,PP659,7,0.1,n/a,n/a,n/a,n/a,n/a,n/a,n/a,n/a,n/a,n/a,n/a,n/a,n/a,n/a,n/a,High,n/a,n/a,n/a,1/2”,Bottom water Overhead only in the morning if necessary,Phosphorus and Calcium,n/a,n/a,1.0,n/a,1 seed per a block / or in a pot,01 March,n/a,n/a,n/a,,,,,,,,,◼︎,,◼︎,,◼︎,,,,,,,,❧,,❧,,,,,,,,,,,,,,,,,,,,,,,,,,n/a,85
Solanaceae,Lycium,barbarum,Goji,SHANGHAI EXPRESS,n/a,West Coast Seeds,n/a,1,0.25,n/a,n/a,n/a,n/a,n/a,n/a,n/a,Perenial,n/a,Provides the best fruit with neglect. Cold hardy in the second year. Extensive root system. Prune for air flow and height,Only fully ripe fruit are edible. Fruit can turn black when handled so consider harvesting by shaking the berries gently from the plant onto a sheet placed beneath. ,n/a,Mulch around the base in the first year.,"Doesnt like fertilizer, manure or peat",6.6-7.5,Dry,Full sun,6 ft or 24”,n/a,1/4”,Bottom water,No fertilizer,n/a,n/a,1.0,n/a,2-3 to a pot until first true leaf forms and then transplant to individual pots,01 March,n/a,n/a,n/a,,,,,,,,,◼︎,,,,,,,,◼︎,,,,❧,,,,,,,,,,,,,,,,,,,,,,,,,,,,n/a,n/a
Solanaceae,Solanaceae,Physalis,Tomatilos,TOMA VERDE,OP,West Coast Seeds,TM811,0.25,0.5,n/a,n/a,n/a,n/a,n/a,n/a,n/a,Anual,n/a,n/a,n/a,n/a,n/a,n/a,n/a,n/a,n/a,n/a,n/a,1/2”,Bottom water,1 cup balanced organic fertilizer beneath each plant,n/a,n/a,1.0,n/a,1 seed per a block,01 April,n/a,n/a,n/a,,,,,,,,,,,,,◼︎,,◼︎,,,,,,❧,,❧,,,,,,,,,,,,,,,,,,,,,,,,,,Transplant in deep holes up to the first leaf,70
Solanaceae,Solanaceae,Solanum,Tomatoes (early),TAXI,OP,West Coast Seeds,TM776,n/a,n/a,n/a,n/a,n/a,n/a,n/a,n/a,n/a,Anual,n/a,n/a,Determinate bush,n/a,n/a,n/a,6.0-6.5,Moist,Full sun,n/a,n/a,1/2”,Bottom water,1 cup balanced organic fertilizer beneath each plant,n/a,n/a,1.0,n/a,1 seed per a block,01 April,n/a,n/a,n/a,,,,,,,,,,,,,◼︎,,◼︎,,,,,,❧,,❧,,,,,,,,,,,,,,,,,,,,,,,,,,Transplant in deep holes up to the first leaf,70
Solanaceae,Solanaceae,Solanum,Tomatoes (paste),AMISH PASTE,OP,West Coast Seeds,TM784,2,0.25,n/a,n/a,n/a,n/a,n/a,n/a,n/a,Anual,n/a,Provide strong light close to seedlings and use a fan for airflow. Protect from rainfall,Indeterminate vine (stake),n/a,n/a,n/a,6.0-6.5,Moist,Full sun,n/a,n/a,1/2”,Bottom water,1 cup balanced organic fertilizer beneath each plant,n/a,n/a,1.0,n/a,1 seed per a block,01 April,n/a,n/a,n/a,,,,,,,,,,,,,◼︎,,◼︎,,,,,,❧,,❧,,,,,,,,,,,,,,,,,,,,,,,,,,Transplant in deep holes up to the first leaf,75
Solanaceae,Solanum,melongena,Eggplant,ROSA BIANCA,OP,Heritage Harvest Seed,n/a,1,0.5,n/a,n/a,n/a,n/a,n/a,n/a,n/a,n/a,n/a,n/a,,n/a,n/a,n/a,n/a,n/a,n/a,n/a,n/a,1/4”,n/a,n/a,n/a,n/a,1.0,n/a,1 seed per a cube transplant to 4” pots when first true leaves appear,01 March,n/a,n/a,n/a,,,,,,,,,,,,,◼︎,,◼︎,,◼︎,,,,❧,,❧,,,,,,,,,,,,,,,,,,,,,,,,,,n/a,n/a
Tropaeolaceae,Tropaeolum,majus,Nasturtiums,SALAD BLEND,n/a,West Coast Seeds,FL2993B,n/a,n/a,n/a,n/a,n/a,n/a,n/a,n/a,n/a,n/a,Need cool temperatures and dark to germinate,Prevent roots from getting warm. Work as an aphid trap. Pinch and destroy infested plants.,Collect flowers for use in salad.,n/a,n/a,"poor to average, slightly acidic, well-drained soil.",n/a,Keep watered during dry weather.,Full. Part shade will result in extra leaf and less flower,6-12”,6-12”,1/4-1/2”,n/a,Don’t fertize,n/a,n/a,1.0,n/a,1 seed per a cube,01 May,01 June,30 June,n/a,,,,,,,,,,,,,,,,,,,,,✩,,✩,,,,,,,,,,,,,,,,,,,,,,,,,,n/a,n/a